{"cameraMode":{"drawMode":0,"name":"Shaded","section":"Shading Mode"},"sceneLighting":false,"audioPlay":false,"sceneViewState":{"m_AlwaysRefresh":false,"showFog":true,"showSkybox":true,"showFlares":true,"showImageEffects":true,"showParticleSystems":true,"showVisualEffectGraphs":true,"m_FxEnabled":false},"in2DMode":false,"pivot":{"x":10.553560256958008,"y":40.662532806396487,"z":-144.19256591796876},"rotation":{"x":0.020969349890947343,"y":0.05246444046497345,"z":-0.0011018987279385329,"w":0.9984039068222046},"size":24.392486572265626,"orthographic":false}