{"cameraMode":{"drawMode":0,"name":"Shaded","section":"Shading Mode"},"sceneLighting":false,"audioPlay":false,"sceneViewState":{"m_AlwaysRefresh":false,"showFog":true,"showSkybox":false,"showFlares":true,"showImageEffects":true,"showParticleSystems":true,"showVisualEffectGraphs":true,"m_FxEnabled":false},"in2DMode":false,"pivot":{"x":0.48811179399490359,"y":2.693080425262451,"z":-0.23561310768127442},"rotation":{"x":-0.1360536366701126,"y":0.018125131726264955,"z":-0.0024921069853007795,"w":-0.9905385971069336},"size":1.1209869384765626,"orthographic":true}