{"cameraMode":{"drawMode":0,"name":"Shaded","section":"Shading Mode"},"sceneLighting":false,"audioPlay":false,"sceneViewState":{"m_AlwaysRefresh":false,"showFog":true,"showSkybox":false,"showFlares":true,"showImageEffects":true,"showParticleSystems":true,"showVisualEffectGraphs":true,"m_FxEnabled":false},"in2DMode":false,"pivot":{"x":-20.622297286987306,"y":1.2520527839660645,"z":-5.84251594543457},"rotation":{"x":0.24503976106643678,"y":-0.10331957787275315,"z":0.026307227090001107,"w":0.9636909365653992},"size":1.8680170774459839,"orthographic":false}