{"cameraMode":{"drawMode":0,"name":"Shaded","section":"Shading Mode"},"sceneLighting":false,"audioPlay":false,"sceneViewState":{"m_AlwaysRefresh":false,"showFog":true,"showSkybox":false,"showFlares":true,"showImageEffects":true,"showParticleSystems":true,"showVisualEffectGraphs":true,"m_FxEnabled":false},"in2DMode":false,"pivot":{"x":-0.2049136459827423,"y":1.8187565803527833,"z":0.2154853343963623},"rotation":{"x":0.1242203488945961,"y":0.11550631374120712,"z":-0.014574283733963967,"w":0.9854242205619812},"size":0.7579182982444763,"orthographic":false}