{"cameraMode":{"drawMode":0,"name":"Shaded","section":"Shading Mode"},"sceneLighting":false,"audioPlay":false,"sceneViewState":{"m_AlwaysRefresh":false,"showFog":true,"showSkybox":false,"showFlares":true,"showImageEffects":true,"showParticleSystems":true,"showVisualEffectGraphs":true,"m_FxEnabled":false},"in2DMode":false,"pivot":{"x":-0.7101532220840454,"y":1.5245754718780518,"z":0.8969470262527466},"rotation":{"x":0.15636317431926728,"y":-0.3407222628593445,"z":0.05756125971674919,"w":0.925308346748352},"size":1.6109764575958253,"orthographic":false}