{"cameraMode":{"drawMode":0,"name":"Shaded","section":"Shading Mode"},"sceneLighting":false,"audioPlay":false,"sceneViewState":{"m_AlwaysRefresh":false,"showFog":true,"showSkybox":false,"showFlares":true,"showImageEffects":true,"showParticleSystems":true,"showVisualEffectGraphs":true,"m_FxEnabled":false},"in2DMode":false,"pivot":{"x":-0.09999999403953552,"y":1.3899999856948853,"z":-0.008027642965316773},"rotation":{"x":-0.008998441509902478,"y":0.012295828200876713,"z":-0.00011212970275664702,"w":-0.9998915791511536},"size":0.44691699743270876,"orthographic":true}